–∫—Ä–µ–¥–∏—Ç,"–£—Ç–æ—á–Ω–∏—Ç–µ, –ø–æ–∂–∞–ª—É–π—Å—Ç–∞, —á—Ç–æ –í–∞—Å –∏–Ω—Ç–µ—Ä–µ—Å—É–µ—Ç üëá"
–≤–∫–ª–∞–¥,"üí∞ –í–æ—Ç –Ω–∞—à–∏ —É—Å–ª–æ–≤–∏—è –ø–æ –≤–∫–ª–∞–¥–∞–º –∏ –Ω–∞–∫–æ–ø–∏—Ç–µ–ª—å–Ω—ã–º —Å—á–µ—Ç–∞–º:

‚úÖ –õ—É—á—à–∏–π - –¥–æ 16%, –æ—Ç 100 000 —Ä—É–±–ª–µ–π
‚úÖ –ù–∞–¥–µ–∂–Ω—ã–π - –¥–æ 14%, –æ—Ç 1 –º–µ—Å—è—Ü–∞, –æ—Ç 50 000 —Ä—É–±–ª–µ–π
 
üá®üá≥ –í–∫–ª–∞–¥—ã –≤ —é–∞–Ω—è—Ö:
‚úÖ  –£–ø—Ä–∞–≤–ª—è–π* - –¥–æ 9%. —Å –ø–æ–ø–ª–Ω–µ–Ω–∏–µ–º–º, —Å —Å–Ω—è—Ç–µ–º, –æ—Ç 30 000 —Ä—É–±–ª–µ–π 

üîó –û—Ç–∫—Ä—ã—Ç—å/–∑–∞–∫—Ä—ã—Ç—å –≤–∫–ª–∞–¥ –º–æ–∂–Ω–æ –Ω–∞ –Ω–∞—à–µ–º —Å–∞–π—Ç–µ –∏–ª–∏ –≤ –ø—Ä–∏–ª–æ–∂–µ–Ω–∏–∏"
–∫–∞—Ä—Ç—ã,"–í—ã–±–µ—Ä–µ—Ç–µ, –ø–æ–∂–∞–ª—É–π—Å—Ç–∞, —á—Ç–æ –í–∞—Å –∏–Ω—Ç–µ—Ä–µ—Å—É–µ—Ç üëá"
–∏–ø–æ—Ç–µ–∫–∞,"üè° –£—Å–ª–æ–≤–∏—è –∏–ø–æ—Ç–µ–∫–∏:

‚ô¶Ô∏è –°—Ç–∞–≤–∫–∞ –æ—Ç 7%
‚ô¶Ô∏è –°—Ä–æ–∫ –¥–æ 30 –ª–µ—Ç
‚ô¶Ô∏è –î–æ 100 –º–ª–Ω —Ä—É–±–ª–µ–π

üîó –ü–æ–¥–∞—Ç—å –∑–∞—è–≤–∫—É –Ω–∞ –æ—Ñ–æ—Ä–º–ª–µ–Ω–∏–µ –∏–ø–æ—Ç–µ–∫–∏ –º–æ–∂–Ω–æ –Ω–∞ –Ω–∞—à–µ–º —Å–∞–π—Ç–µ –∏–ª–∏ –≤ –ø—Ä–∏–ª–æ–∂–µ–Ω–∏–∏"
–∫—Ä–µ–¥–∏—Ç –Ω–∞–ª–∏—á–Ω—ã–º–∏,"–ö—Ä–µ–¥–∏—Ç –Ω–∞–ª–∏—á–Ω—ã–º–∏:

‚ô¶ –°—Ç–∞–≤–∫–∞ –æ—Ç 6% 
‚ô¶ –°—É–º–º–∞ –æ—Ç 100 —Ç—ã—Å –¥–æ 10 –º–ª–Ω —Ä—É–±–ª–µ–π

üîó –û—Ñ–æ—Ä–º–∏—Ç—å –∑–∞—è–≤–∫—É –Ω–∞ –æ—Ç–∫—Ä—ã—Ç–∏–µ –∫—Ä–µ–¥–∏—Ç–∞ –º–æ–∂–Ω–æ –Ω–∞ –Ω–∞—à–µ–º —Å–∞–π—Ç–µ –∏–ª–∏ –≤ –ø—Ä–∏–ª–æ–∂–µ–Ω–∏–∏"
–∞–≤—Ç–æ–∫—Ä–µ–¥–∏—Ç,"üöò –£—Å–ª–æ–≤–∏—è –∞–≤—Ç–æ–∫—Ä–µ–¥–∏—Ç–∞:

‚ô¶ –°—Ç–∞–≤–∫–∞ –æ—Ç 4,2%
‚ô¶ –°—É–º–º–∞ –¥–æ 10 –º–ª–Ω —Ä—É–±–ª–µ–π
‚ô¶ –°—Ä–æ–∫ –¥–æ 8 –ª–µ—Ç
‚ô¶ –ë–µ–∑ –ø–µ—Ä–≤–æ–Ω–∞—á–∞–ª—å–Ω–æ–≥–æ –≤–∑–Ω–æ—Å–∞ 

üîó –ï—Å–ª–∏ –Ω–∞—à–∏ —É—Å–ª–æ–≤–∏—è –í–∞—Å –∑–∞–∏–Ω—Ç–µ—Ä–µ—Å–æ–≤–∞–ª–∏, –º–æ–∂–µ—Ç–µ –ø–æ–¥–∞—Ç—å –∑–∞—è–≤–∫—É –Ω–∞ –Ω–∞—à–µ–º —Å–∞–π—Ç–µ –∏–ª–∏ –≤ –ø—Ä–∏–ª–æ–∂–µ–Ω–∏–∏"
–¥–µ–±–µ—Ç–æ–≤–∞—è –∫–∞—Ä—Ç–∞,–î–ª—è –∫–∞–∫–∏—Ö —Ü–µ–ª–µ–π —Ö–æ—Ç–∏—Ç–µ –æ—Ñ–æ—Ä–º–∏—Ç—å –∫–∞—Ä—Ç—É:
–∫–∞—Ä—Ç–∞ –¥–ª—è —Ä–µ–±–µ–Ω–∫–∞,"üí≥ –ú–æ–ª–æ–¥–µ–∂–Ω–∞—è –∫–∞—Ä—Ç–∞:

üî• –ë–µ—Å–ø–ª–∞—Ç–Ω–æ–µ –æ—Ñ—Ä–º–ª–µ–Ω–∏–µ –∏ –æ–±—Å–ª—É–∂–∏–≤–∞–Ω–∏–µ

üî• –ö—ç—à–±–µ–∫ - –¥–æ 5%

üî• –ü–µ—Ä–µ–≤–æ–¥—ã –ø–æ –Ω–æ–º–µ—Ä—É –∫–∞—Ä—Ç—ã  

üîó –ü–æ–¥–∞—Ç—å –∑–∞—è–≤–∫—É –Ω–∞ –æ—Ç–∫—Ä—Ç–∏–µ –∫–∞—Ä—Ç—ã –º–æ–∂–Ω–æ –Ω–∞ –Ω–∞—à–µ–º —Å–∞–π—Ç–µ –∏–ª–∏ –≤ –ø—Ä–∏–ª–æ–∂–µ–Ω–∏–∏"
–∑–∞—Ä–ø–ª–∞—Ç–Ω–∞—è –∫–∞—Ä—Ç–∞,"üí≥ ""–¢–≤–æ—è –∫–∞—Ä—Ç–∞"":

üî• –ë–µ—Å–ø–ª–∞—Ç–Ω–æ–µ –æ—Ä—Ñ–º–ª–µ–Ω–∏–µ

üî• –ö—ç—à–±–µ–∫ - –¥–æ 5%

üî• –ì–æ–¥–æ–≤–æ–µ –æ–±—Å–ª—É–∂–∏–≤–∞–Ω–∏–µ - 199 —Ä—É–±

üîó –ü–æ–¥–∞—Ç—å –∑–∞—è–≤–∫—É –Ω–∞ –æ—Ç–∫—Ä—Ç–∏–µ –∫–∞—Ä—Ç—ã –º–æ–∂–Ω–æ –Ω–∞ –Ω–∞—à–µ–º —Å–∞–π—Ç–µ –∏–ª–∏ –≤ –ø—Ä–∏–ª–æ–∂–µ–Ω–∏–∏"
–∫–∞—Ä—Ç–∞ –¥–ª—è —Å–æ—Ü. –≤—ã–ø–ª–∞—Ç,"üí≥ ""–°–æ—Ü–∏–∞–ª—å–Ω–∞—è –∫–∞—Ä—Ç–∞"":

üî• –ë–µ—Å–ø–ª–∞—Ç–Ω–æ–µ –æ—Ñ—Ä–º–ª–µ–Ω–∏–µ –∏ –æ–±—Å–ª—É–∂–∏–≤–∞–Ω–∏–µ 

üî• –ü—Ä–æ—Ü–µ–Ω—Ç –Ω–∞ –æ—Å—Ç–∞—Ç–æ–∫ - –¥–æ 5%

üîó –ü–æ–¥–∞—Ç—å –∑–∞—è–≤–∫—É –Ω–∞ –æ—Ç–∫—Ä—Ç–∏–µ –∫–∞—Ä—Ç—ã –º–æ–∂–Ω–æ –Ω–∞ –Ω–∞—à–µ–º —Å–∞–π—Ç–µ –∏–ª–∏ –≤ –ø—Ä–∏–ª–æ–∂–µ–Ω–∏–∏"
–∫—Ä–µ–¥–∏—Ç–Ω–∞—è –∫–∞—Ä—Ç–∞,"üí≥ ""–û—â—É—â–µ–Ω–∏–µ —Å–≤–æ–±–æ–¥—ã"":

üî• –õ—å–≥–æ—Ç–Ω—ã–π –ø–µ—Ä–∏–æ–¥ - 180 –¥–Ω–µ–π

üî• –ü—Ä–æ—Ü–µ–Ω—Ç–Ω–∞—è —Å—Ç–∞–≤–∫–∞ - –æ—Ç 12%

üî• –ö—Ä–µ–¥–∏—Ç–Ω—ã–π –ª–∏–º–∏—Ç - 1 000 000 —Ä—É–±

üî• –ì–æ–¥–æ–≤–æ–µ –æ–±—Å–ª—É–∂–∏–≤–∞–Ω–∏–µ - 590 —Ä—É–±–ª–µ–π 

üîó –ü–æ–¥–∞—Ç—å –∑–∞—è–≤–∫—É –Ω–∞ –æ—Ç–∫—Ä—Ç–∏–µ –∫–∞—Ä—Ç—ã –º–æ–∂–Ω–æ –Ω–∞ –Ω–∞—à–µ–º —Å–∞–π—Ç–µ –∏–ª–∏ –≤ –ø—Ä–∏–ª–æ–∂–µ–Ω–∏–∏"
–æ—à–∏–±–∫–∞,"–ò–∑–≤–∏–Ω–∏—Ç–µ, —è –í–∞—Å –Ω–µ –ø–æ–Ω–∏–º–∞—é"
–æ—Ç–¥–µ–ª–µ–Ω–∏—è,"–í—ã–±–µ—Ä–µ—Ç–µ, –ø–æ–∂–∞–ª—É–π—Å—Ç–∞, —Å–≤–æ–π –≥–æ—Ä–æ–¥ üëá"
–¢–æ–º—Å–∫,"üè¶  –ù–∞—à–∏ –æ—Ç–¥–µ–ª–µ–Ω–∏—è –≤ –¢–æ–º—Å–∫–µ:

‚ô¶Ô∏è —É–ª. –ö—Ä—ã–ª–æ–≤–∞, 5

‚ô¶Ô∏è —É–ª. –ö–∞—Ä–ª–∞ –ú–∞—Ä–∫—Å–∞, 10

‚ô¶Ô∏è —É–ª. –ï–ª–∏–∑–∞—Ä–æ–≤—ã—Ö, 3
‚ùóÔ∏è  –ß–∞—Å—ã —Ä–∞–±–æ—Ç—ã: 8:00-20:00"
–°–µ–≤–µ—Ä—Å–∫,"üè¶  –ù–∞—à–∏ –æ—Ç–¥–µ–ª–µ–Ω–∏—è –≤ –°–µ–≤–µ—Ä—Å–∫–µ:

‚ô¶Ô∏è —É–ª. –õ–µ–Ω–∏–Ω–∞, 5

‚ô¶Ô∏è —É–ª. –ö–∞–ª–∏–Ω–∏–Ω–∞, 10
‚ùóÔ∏è  –ß–∞—Å—ã —Ä–∞–±–æ—Ç—ã: 8:00-20:00"
–°—Ç—Ä–µ–∂–µ–≤–æ–π,"üè¶  –ù–∞—à–∏ –æ—Ç–¥–µ–ª–µ–Ω–∏—è –≤ –°—Ç—Ä–µ–∂–µ–≤–æ–º:

‚ô¶Ô∏è —É–ª. –°—Ç—Ä–æ–∏—Ç–µ–ª–µ–π, 7
‚ùóÔ∏è  –ß–∞—Å—ã —Ä–∞–±–æ—Ç—ã: 8:00-20:00"
